{
	"info": {
		"_postman_id": "7071d141-6a6b-416c-8d8d-23b9a8ee37e7",
		"name": "CRUD Practice",
		"schema": "https://schema.getpostman.com/json/collection/v2.1.0/collection.json",
		"_exporter_id": "9518923",
		"_collection_link": "https://planetary-escape-12290.postman.co/workspace/Code-Silicon-API-Docs~d5a29f57-dbd9-416e-a686-888d72fc4b8f/collection/9518923-7071d141-6a6b-416c-8d8d-23b9a8ee37e7?action=share&source=collection_link&creator=9518923"
	},
	"item": [
		{
			"name": "ReadProduct",
			"request": {
				"method": "GET",
				"header": [],
				"url": {
					"raw": "http://164.68.107.70:6060/api/v1/ReadProduct",
					"protocol": "http",
					"host": [
						"164",
						"68",
						"107",
						"70"
					],
					"port": "6060",
					"path": [
						"api",
						"v1",
						"ReadProduct"
					]
				}
			},
			"response": []
		},
		{
			"name": "CreateProduct",
			"request": {
				"method": "POST",
				"header": [],
				"body": {
					"mode": "raw",
					"raw": "{\n    \"ProductName\":\"Demo\",\n    \"ProductCode\":\"2113131\",\n    \"Img\":\"abc\",\n    \"UnitPrice\":\"12\",\n    \"Qty\":\"1\",\n    \"TotalPrice\":\"12\"\n}",
					"options": {
						"raw": {
							"language": "json"
						}
					}
				},
				"url": {
					"raw": "http://164.68.107.70:6060/api/v1/CreateProduct",
					"protocol": "http",
					"host": [
						"164",
						"68",
						"107",
						"70"
					],
					"port": "6060",
					"path": [
						"api",
						"v1",
						"CreateProduct"
					]
				}
			},
			"response": []
		},
		{
			"name": "Update",
			"request": {
				"method": "POST",
				"header": [],
				"body": {
					"mode": "raw",
					"raw": "{\n    \"ProductName\":\"XYZABC\",\n    \"ProductCode\":\"abc123\",\n    \"Img\":\"abc\",\n    \"UnitPrice\":\"12\",\n    \"Qty\":\"1\",\n    \"TotalPrice\":\"12\"\n}",
					"options": {
						"raw": {
							"language": "json"
						}
					}
				},
				"url": {
					"raw": "http://164.68.107.70:6060/api/v1/UpdateProduct/66649031a9e9e30ec38d4431",
					"protocol": "http",
					"host": [
						"164",
						"68",
						"107",
						"70"
					],
					"port": "6060",
					"path": [
						"api",
						"v1",
						"UpdateProduct",
						"66649031a9e9e30ec38d4431"
					]
				}
			},
			"response": []
		},
		{
			"name": "DeleteProduct",
			"request": {
				"method": "GET",
				"header": [],
				"url": {
					"raw": "http://164.68.107.70:6060/api/v1/DeleteProduct/665eb6d109bb7ae5d3bd833e",
					"protocol": "http",
					"host": [
						"164",
						"68",
						"107",
						"70"
					],
					"port": "6060",
					"path": [
						"api",
						"v1",
						"DeleteProduct",
						"665eb6d109bb7ae5d3bd833e"
					]
				}
			},
			"response": []
		},
		{
			"name": "ReadProductByID",
			"request": {
				"method": "GET",
				"header": [],
				"url": {
					"raw": "http://164.68.107.70:6060/api/v1/ReadProductByID/66e1d7bac35b94f6f08739c3",
					"protocol": "http",
					"host": [
						"164",
						"68",
						"107",
						"70"
					],
					"port": "6060",
					"path": [
						"api",
						"v1",
						"ReadProductByID",
						"66e1d7bac35b94f6f08739c3"
					]
				}
			},
			"response": []
		}
	]
}